[Header],,,,,,,,,
Investigator Name,Mike Vilme,,,,,,,,
Run_ID,Run_1399,,,,,,,,
Date,8/26/2024,,,,,,,,
Workflow,GenerateFASTQ,,,,,,,,
Application,NextSeq FASTQ Only,,,,,,,,
Assay,Nextera XT,,,,,,,,
Description,"Run 1399 for Monika,,",,,,,,,,
Chemistry,Amplicon,,,,,,,,
,,,,,,,,,
[Reads],,,,,,,,,
30,,,,,,,,,
8,,,,,,,,,
,,,,,,,,,
[Settings],,,,,,,,,
Adapter,ACTCTGAGGC,,,,,,,,
,,,,,,,,,
[Data],,,,,,,,,
Sample_ID,Sample_Name,Sample_Plate,Sample_Well,I7_Index_ID,index,I5_Index_ID,index2,Sample_Project
sample1,M72SS2017_A1,M72SS2017,A1,R2,GAATTGCT,C5,GGCTCCTG,Run_1399
sample2,M72SS2017_A2,M72SS2017,A2,R2,TACTTGCA,C5,GGCTCCTG,Run_1399
sample3,M72SS2017_A3,M72SS2017,A3,R2,TAGATCCT,C5,GGCTCCTG,Run_1399
sample4,M72SS2017_A4,M72SS2017,A4,R2,CTTGCAGA,C5,GGCTCCTG,Run_1399
sample5,M72SS2017_A5,M72SS2017,A5,R2,TGCGACCT,C5,GGCTCCTG,Run_1399
sample6,M72SS2017_A6,M72SS2017,A6,R2,CATTCCGA,C5,GGCTCCTG,Run_1399
sample7,M72SS2017_A7,M72SS2017,A7,R2,GATAACCT,C5,GGCTCCTG,Run_1399
sample8,M72SS2017_A8,M72SS2017,A8,R2,CAAGGCGA,C5,GGCTCCTG,Run_1399
sample9,M72SS2017_A9,M72SS2017,A9,R2,GACGCTAT,C5,GGCTCCTG,Run_1399
sample10,M72SS2017_A10,M72SS2017,A10,R2,TTGCTGGA,C5,GGCTCCTG,Run_1399
sample11,M72SS2017_A11,M72SS2017,A11,R2,AACATAAT,C5,GGCTCCTG,Run_1399
sample12,M72SS2017_A12,M72SS2017,A12,R2,CCTGGATA,C5,GGCTCCTG,Run_1399
sample13,M72SS2017_B1,M72SS2017,B1,R2,GAATTGCT,C5,GGCTAGGC,Run_1399
sample14,M72SS2017_B2,M72SS2017,B2,R2,TACTTGCA,C5,GGCTAGGC,Run_1399
sample15,M72SS2017_B3,M72SS2017,B3,R2,TAGATCCT,C5,GGCTAGGC,Run_1399
sample16,M72SS2017_B4,M72SS2017,B4,R2,CTTGCAGA,C5,GGCTAGGC,Run_1399
sample17,M72SS2017_B5,M72SS2017,B5,R2,TGCGACCT,C5,GGCTAGGC,Run_1399
sample18,M72SS2017_B6,M72SS2017,B6,R2,CATTCCGA,C5,GGCTAGGC,Run_1399
sample19,M72SS2017_B7,M72SS2017,B7,R2,GATAACCT,C5,GGCTAGGC,Run_1399
sample20,M72SS2017_B8,M72SS2017,B8,R2,CAAGGCGA,C5,GGCTAGGC,Run_1399
sample21,M72SS2017_B9,M72SS2017,B9,R2,GACGCTAT,C5,GGCTAGGC,Run_1399
sample22,M72SS2017_B10,M72SS2017,B10,R2,TTGCTGGA,C5,GGCTAGGC,Run_1399
sample23,M72SS2017_B11,M72SS2017,B11,R2,AACATAAT,C5,GGCTAGGC,Run_1399
sample24,M72SS2017_B12,M72SS2017,B12,R2,CCTGGATA,C5,GGCTAGGC,Run_1399
sample25,M72SS2017_C1,M72SS2017,C1,R2,GAATTGCT,C5,CGATCATG,Run_1399
sample26,M72SS2017_C2,M72SS2017,C2,R2,TACTTGCA,C5,CGATCATG,Run_1399
sample27,M72SS2017_C3,M72SS2017,C3,R2,TAGATCCT,C5,CGATCATG,Run_1399
sample28,M72SS2017_C4,M72SS2017,C4,R2,CTTGCAGA,C5,CGATCATG,Run_1399
sample29,M72SS2017_C5,M72SS2017,C5,R2,TGCGACCT,C5,CGATCATG,Run_1399
sample30,M72SS2017_C6,M72SS2017,C6,R2,CATTCCGA,C5,CGATCATG,Run_1399
sample31,M72SS2017_C7,M72SS2017,C7,R2,GATAACCT,C5,CGATCATG,Run_1399
sample32,M72SS2017_C8,M72SS2017,C8,R2,CAAGGCGA,C5,CGATCATG,Run_1399
sample33,M72SS2017_C9,M72SS2017,C9,R2,GACGCTAT,C5,CGATCATG,Run_1399
sample34,M72SS2017_C10,M72SS2017,C10,R2,TTGCTGGA,C5,CGATCATG,Run_1399
sample35,M72SS2017_C11,M72SS2017,C11,R2,AACATAAT,C5,CGATCATG,Run_1399
sample36,M72SS2017_C12,M72SS2017,C12,R2,CCTGGATA,C5,CGATCATG,Run_1399
sample37,M72SS2017_D1,M72SS2017,D1,R2,GAATTGCT,C5,GTTGCGGC,Run_1399
sample38,M72SS2017_D2,M72SS2017,D2,R2,TACTTGCA,C5,GTTGCGGC,Run_1399
sample39,M72SS2017_D3,M72SS2017,D3,R2,TAGATCCT,C5,GTTGCGGC,Run_1399
sample40,M72SS2017_D4,M72SS2017,D4,R2,CTTGCAGA,C5,GTTGCGGC,Run_1399
sample41,M72SS2017_D5,M72SS2017,D5,R2,TGCGACCT,C5,GTTGCGGC,Run_1399
sample42,M72SS2017_D6,M72SS2017,D6,R2,CATTCCGA,C5,GTTGCGGC,Run_1399
sample43,M72SS2017_D7,M72SS2017,D7,R2,GATAACCT,C5,GTTGCGGC,Run_1399
sample44,M72SS2017_D8,M72SS2017,D8,R2,CAAGGCGA,C5,GTTGCGGC,Run_1399
sample45,M72SS2017_D9,M72SS2017,D9,R2,GACGCTAT,C5,GTTGCGGC,Run_1399
sample46,M72SS2017_D10,M72SS2017,D10,R2,TTGCTGGA,C5,GTTGCGGC,Run_1399
sample47,M72SS2017_D11,M72SS2017,D11,R2,AACATAAT,C5,GTTGCGGC,Run_1399
sample48,M72SS2017_D12,M72SS2017,D12,R2,CCTGGATA,C5,GTTGCGGC,Run_1399
sample49,M72SS2017_E1,M72SS2017,E1,R2,GAATTGCT,C5,AATGTTGG,Run_1399
sample50,M72SS2017_E2,M72SS2017,E2,R2,TACTTGCA,C5,AATGTTGG,Run_1399
sample51,M72SS2017_E3,M72SS2017,E3,R2,TAGATCCT,C5,AATGTTGG,Run_1399
sample52,M72SS2017_E4,M72SS2017,E4,R2,CTTGCAGA,C5,AATGTTGG,Run_1399
sample53,M72SS2017_E5,M72SS2017,E5,R2,TGCGACCT,C5,AATGTTGG,Run_1399
sample54,M72SS2017_E6,M72SS2017,E6,R2,CATTCCGA,C5,AATGTTGG,Run_1399
sample55,M72SS2017_E7,M72SS2017,E7,R2,GATAACCT,C5,AATGTTGG,Run_1399
sample56,M72SS2017_E8,M72SS2017,E8,R2,CAAGGCGA,C5,AATGTTGG,Run_1399
sample57,M72SS2017_E9,M72SS2017,E9,R2,GACGCTAT,C5,AATGTTGG,Run_1399
sample58,M72SS2017_E10,M72SS2017,E10,R2,TTGCTGGA,C5,AATGTTGG,Run_1399
sample59,M72SS2017_E11,M72SS2017,E11,R2,AACATAAT,C5,AATGTTGG,Run_1399
sample60,M72SS2017_E12,M72SS2017,E12,R2,CCTGGATA,C5,AATGTTGG,Run_1399
sample61,M72SS2017_F1,M72SS2017,F1,R2,GAATTGCT,C5,AGATGTGC,Run_1399
sample62,M72SS2017_F2,M72SS2017,F2,R2,TACTTGCA,C5,AGATGTGC,Run_1399
sample63,M72SS2017_F3,M72SS2017,F3,R2,TAGATCCT,C5,AGATGTGC,Run_1399
sample64,M72SS2017_F4,M72SS2017,F4,R2,CTTGCAGA,C5,AGATGTGC,Run_1399
sample65,M72SS2017_F5,M72SS2017,F5,R2,TGCGACCT,C5,AGATGTGC,Run_1399
sample66,M72SS2017_F6,M72SS2017,F6,R2,CATTCCGA,C5,AGATGTGC,Run_1399
sample67,M72SS2017_F7,M72SS2017,F7,R2,GATAACCT,C5,AGATGTGC,Run_1399
sample68,M72SS2017_F8,M72SS2017,F8,R2,CAAGGCGA,C5,AGATGTGC,Run_1399
sample69,M72SS2017_F9,M72SS2017,F9,R2,GACGCTAT,C5,AGATGTGC,Run_1399
sample70,M72SS2017_F10,M72SS2017,F10,R2,TTGCTGGA,C5,AGATGTGC,Run_1399
sample71,M72SS2017_F11,M72SS2017,F11,R2,AACATAAT,C5,AGATGTGC,Run_1399
sample72,M72SS2017_F12,M72SS2017,F12,R2,CCTGGATA,C5,AGATGTGC,Run_1399
sample73,M72SS2017_G1,M72SS2017,G1,R2,GAATTGCT,C5,GGTGCTGG,Run_1399
sample74,M72SS2017_G2,M72SS2017,G2,R2,TACTTGCA,C5,GGTGCTGG,Run_1399
sample75,M72SS2017_G3,M72SS2017,G3,R2,TAGATCCT,C5,GGTGCTGG,Run_1399
sample76,M72SS2017_G4,M72SS2017,G4,R2,CTTGCAGA,C5,GGTGCTGG,Run_1399
sample77,M72SS2017_G5,M72SS2017,G5,R2,TGCGACCT,C5,GGTGCTGG,Run_1399
sample78,M72SS2017_G6,M72SS2017,G6,R2,CATTCCGA,C5,GGTGCTGG,Run_1399
sample79,M72SS2017_G7,M72SS2017,G7,R2,GATAACCT,C5,GGTGCTGG,Run_1399
sample80,M72SS2017_G8,M72SS2017,G8,R2,CAAGGCGA,C5,GGTGCTGG,Run_1399
sample81,M72SS2017_G9,M72SS2017,G9,R2,GACGCTAT,C5,GGTGCTGG,Run_1399
sample82,M72SS2017_G10,M72SS2017,G10,R2,TTGCTGGA,C5,GGTGCTGG,Run_1399
sample83,M72SS2017_G11,M72SS2017,G11,R2,AACATAAT,C5,GGTGCTGG,Run_1399
sample84,M72SS2017_G12,M72SS2017,G12,R2,CCTGGATA,C5,GGTGCTGG,Run_1399
sample85,M72SS2017_H1,M72SS2017,H1,R2,GAATTGCT,C5,TGGATATC,Run_1399
sample86,M72SS2017_H2,M72SS2017,H2,R2,TACTTGCA,C5,TGGATATC,Run_1399
sample87,M72SS2017_H3,M72SS2017,H3,R2,TAGATCCT,C5,TGGATATC,Run_1399
sample88,M72SS2017_H4,M72SS2017,H4,R2,CTTGCAGA,C5,TGGATATC,Run_1399
sample89,M72SS2017_H5,M72SS2017,H5,R2,TGCGACCT,C5,TGGATATC,Run_1399
sample90,M72SS2017_H6,M72SS2017,H6,R2,CATTCCGA,C5,TGGATATC,Run_1399
sample91,M72SS2017_H7,M72SS2017,H7,R2,GATAACCT,C5,TGGATATC,Run_1399
sample92,M72SS2017_H8,M72SS2017,H8,R2,CAAGGCGA,C5,TGGATATC,Run_1399
sample93,M72SS2017_H9,M72SS2017,H9,R2,GACGCTAT,C5,TGGATATC,Run_1399
sample94,M72SS2017_H10,M72SS2017,H10,R2,TTGCTGGA,C5,TGGATATC,Run_1399
sample95,M72SS2017_H11,M72SS2017,H11,R2,AACATAAT,C5,TGGATATC,Run_1399
sample96,M72SS2017_H12,M72SS2017,H12,R2,CCTGGATA,C5,TGGATATC,Run_1399
sample97,M72SS2027_A1,M72SS2027,A1,R5,ACGCATAG,C4,AGAGGAAT,Run_1399
sample98,M72SS2027_A2,M72SS2027,A2,R5,GATTACAG,C4,AGAGGAAT,Run_1399
sample99,M72SS2027_A3,M72SS2027,A3,R5,ATGGTAGG,C4,AGAGGAAT,Run_1399
sample100,M72SS2027_A4,M72SS2027,A4,R5,CAACGGTC,C4,AGAGGAAT,Run_1399
sample101,M72SS2027_A5,M72SS2027,A5,R5,TGCGAAGG,C4,AGAGGAAT,Run_1399
sample102,M72SS2027_A6,M72SS2027,A6,R5,TTACTGTC,C4,AGAGGAAT,Run_1399
sample103,M72SS2027_A7,M72SS2027,A7,R5,ACCGCGCG,C4,AGAGGAAT,Run_1399
sample104,M72SS2027_A8,M72SS2027,A8,R5,ACTTCTTC,C4,AGAGGAAT,Run_1399
sample105,M72SS2027_A9,M72SS2027,A9,R5,TGGTAACG,C4,AGAGGAAT,Run_1399
sample106,M72SS2027_A10,M72SS2027,A10,R5,CGCCACAG,C4,AGAGGAAT,Run_1399
sample107,M72SS2027_A11,M72SS2027,A11,R5,CCTGGTAG,C4,AGAGGAAT,Run_1399
sample108,M72SS2027_A12,M72SS2027,A12,R5,ATCCGCAG,C4,AGAGGAAT,Run_1399
sample109,M72SS2027_B1,M72SS2027,B1,R5,ACGCATAG,C4,TGTGCTTA,Run_1399
sample110,M72SS2027_B2,M72SS2027,B2,R5,GATTACAG,C4,TGTGCTTA,Run_1399
sample111,M72SS2027_B3,M72SS2027,B3,R5,ATGGTAGG,C4,TGTGCTTA,Run_1399
sample112,M72SS2027_B4,M72SS2027,B4,R5,CAACGGTC,C4,TGTGCTTA,Run_1399
sample113,M72SS2027_B5,M72SS2027,B5,R5,TGCGAAGG,C4,TGTGCTTA,Run_1399
sample114,M72SS2027_B6,M72SS2027,B6,R5,TTACTGTC,C4,TGTGCTTA,Run_1399
sample115,M72SS2027_B7,M72SS2027,B7,R5,ACCGCGCG,C4,TGTGCTTA,Run_1399
sample116,M72SS2027_B8,M72SS2027,B8,R5,ACTTCTTC,C4,TGTGCTTA,Run_1399
sample117,M72SS2027_B9,M72SS2027,B9,R5,TGGTAACG,C4,TGTGCTTA,Run_1399
sample118,M72SS2027_B10,M72SS2027,B10,R5,CGCCACAG,C4,TGTGCTTA,Run_1399
sample119,M72SS2027_B11,M72SS2027,B11,R5,CCTGGTAG,C4,TGTGCTTA,Run_1399
sample120,M72SS2027_B12,M72SS2027,B12,R5,ATCCGCAG,C4,TGTGCTTA,Run_1399
sample121,M72SS2027_C1,M72SS2027,C1,R5,ACGCATAG,C4,CAGACAAT,Run_1399
sample122,M72SS2027_C2,M72SS2027,C2,R5,GATTACAG,C4,CAGACAAT,Run_1399
sample123,M72SS2027_C3,M72SS2027,C3,R5,ATGGTAGG,C4,CAGACAAT,Run_1399
sample124,M72SS2027_C4,M72SS2027,C4,R5,CAACGGTC,C4,CAGACAAT,Run_1399
sample125,M72SS2027_C5,M72SS2027,C5,R5,TGCGAAGG,C4,CAGACAAT,Run_1399
sample126,M72SS2027_C6,M72SS2027,C6,R5,TTACTGTC,C4,CAGACAAT,Run_1399
sample127,M72SS2027_C7,M72SS2027,C7,R5,ACCGCGCG,C4,CAGACAAT,Run_1399
sample128,M72SS2027_C8,M72SS2027,C8,R5,ACTTCTTC,C4,CAGACAAT,Run_1399
sample129,M72SS2027_C9,M72SS2027,C9,R5,TGGTAACG,C4,CAGACAAT,Run_1399
sample130,M72SS2027_C10,M72SS2027,C10,R5,CGCCACAG,C4,CAGACAAT,Run_1399
sample131,M72SS2027_C11,M72SS2027,C11,R5,CCTGGTAG,C4,CAGACAAT,Run_1399
sample132,M72SS2027_C12,M72SS2027,C12,R5,ATCCGCAG,C4,CAGACAAT,Run_1399
sample133,M72SS2027_D1,M72SS2027,D1,R5,ACGCATAG,C4,AAGGCGAC,Run_1399
sample134,M72SS2027_D2,M72SS2027,D2,R5,GATTACAG,C4,AAGGCGAC,Run_1399
sample135,M72SS2027_D3,M72SS2027,D3,R5,ATGGTAGG,C4,AAGGCGAC,Run_1399
sample136,M72SS2027_D4,M72SS2027,D4,R5,CAACGGTC,C4,AAGGCGAC,Run_1399
sample137,M72SS2027_D5,M72SS2027,D5,R5,TGCGAAGG,C4,AAGGCGAC,Run_1399
sample138,M72SS2027_D6,M72SS2027,D6,R5,TTACTGTC,C4,AAGGCGAC,Run_1399
sample139,M72SS2027_D7,M72SS2027,D7,R5,ACCGCGCG,C4,AAGGCGAC,Run_1399
sample140,M72SS2027_D8,M72SS2027,D8,R5,ACTTCTTC,C4,AAGGCGAC,Run_1399
sample141,M72SS2027_D9,M72SS2027,D9,R5,TGGTAACG,C4,AAGGCGAC,Run_1399
sample142,M72SS2027_D10,M72SS2027,D10,R5,CGCCACAG,C4,AAGGCGAC,Run_1399
sample143,M72SS2027_D11,M72SS2027,D11,R5,CCTGGTAG,C4,AAGGCGAC,Run_1399
sample144,M72SS2027_D12,M72SS2027,D12,R5,ATCCGCAG,C4,AAGGCGAC,Run_1399
sample145,M72SS2027_E1,M72SS2027,E1,R5,ACGCATAG,C4,GACTATTG,Run_1399
sample146,M72SS2027_E2,M72SS2027,E2,R5,GATTACAG,C4,GACTATTG,Run_1399
sample147,M72SS2027_E3,M72SS2027,E3,R5,ATGGTAGG,C4,GACTATTG,Run_1399
sample148,M72SS2027_E4,M72SS2027,E4,R5,CAACGGTC,C4,GACTATTG,Run_1399
sample149,M72SS2027_E5,M72SS2027,E5,R5,TGCGAAGG,C4,GACTATTG,Run_1399
sample150,M72SS2027_E6,M72SS2027,E6,R5,TTACTGTC,C4,GACTATTG,Run_1399
sample151,M72SS2027_E7,M72SS2027,E7,R5,ACCGCGCG,C4,GACTATTG,Run_1399
sample152,M72SS2027_E8,M72SS2027,E8,R5,ACTTCTTC,C4,GACTATTG,Run_1399
sample153,M72SS2027_E9,M72SS2027,E9,R5,TGGTAACG,C4,GACTATTG,Run_1399
sample154,M72SS2027_E10,M72SS2027,E10,R5,CGCCACAG,C4,GACTATTG,Run_1399
sample155,M72SS2027_E11,M72SS2027,E11,R5,CCTGGTAG,C4,GACTATTG,Run_1399
sample156,M72SS2027_E12,M72SS2027,E12,R5,ATCCGCAG,C4,GACTATTG,Run_1399
sample157,M72SS2027_F1,M72SS2027,F1,R5,ACGCATAG,C4,TAGATGAC,Run_1399
sample158,M72SS2027_F2,M72SS2027,F2,R5,GATTACAG,C4,TAGATGAC,Run_1399
sample159,M72SS2027_F3,M72SS2027,F3,R5,ATGGTAGG,C4,TAGATGAC,Run_1399
sample160,M72SS2027_F4,M72SS2027,F4,R5,CAACGGTC,C4,TAGATGAC,Run_1399
sample161,M72SS2027_F5,M72SS2027,F5,R5,TGCGAAGG,C4,TAGATGAC,Run_1399
sample162,M72SS2027_F6,M72SS2027,F6,R5,TTACTGTC,C4,TAGATGAC,Run_1399
sample163,M72SS2027_F7,M72SS2027,F7,R5,ACCGCGCG,C4,TAGATGAC,Run_1399
sample164,M72SS2027_F8,M72SS2027,F8,R5,ACTTCTTC,C4,TAGATGAC,Run_1399
sample165,M72SS2027_F9,M72SS2027,F9,R5,TGGTAACG,C4,TAGATGAC,Run_1399
sample166,M72SS2027_F10,M72SS2027,F10,R5,CGCCACAG,C4,TAGATGAC,Run_1399
sample167,M72SS2027_F11,M72SS2027,F11,R5,CCTGGTAG,C4,TAGATGAC,Run_1399
sample168,M72SS2027_F12,M72SS2027,F12,R5,ATCCGCAG,C4,TAGATGAC,Run_1399
sample169,M72SS2027_G1,M72SS2027,G1,R5,ACGCATAG,C4,CCTTGCTG,Run_1399
sample170,M72SS2027_G2,M72SS2027,G2,R5,GATTACAG,C4,CCTTGCTG,Run_1399
sample171,M72SS2027_G3,M72SS2027,G3,R5,ATGGTAGG,C4,CCTTGCTG,Run_1399
sample172,M72SS2027_G4,M72SS2027,G4,R5,CAACGGTC,C4,CCTTGCTG,Run_1399
sample173,M72SS2027_G5,M72SS2027,G5,R5,TGCGAAGG,C4,CCTTGCTG,Run_1399
sample174,M72SS2027_G6,M72SS2027,G6,R5,TTACTGTC,C4,CCTTGCTG,Run_1399
sample175,M72SS2027_G7,M72SS2027,G7,R5,ACCGCGCG,C4,CCTTGCTG,Run_1399
sample176,M72SS2027_G8,M72SS2027,G8,R5,ACTTCTTC,C4,CCTTGCTG,Run_1399
sample177,M72SS2027_G9,M72SS2027,G9,R5,TGGTAACG,C4,CCTTGCTG,Run_1399
sample178,M72SS2027_G10,M72SS2027,G10,R5,CGCCACAG,C4,CCTTGCTG,Run_1399
sample179,M72SS2027_G11,M72SS2027,G11,R5,CCTGGTAG,C4,CCTTGCTG,Run_1399
sample180,M72SS2027_G12,M72SS2027,G12,R5,ATCCGCAG,C4,CCTTGCTG,Run_1399
sample181,M72SS2027_H1,M72SS2027,H1,R5,ACGCATAG,C4,GATGTTAC,Run_1399
sample182,M72SS2027_H2,M72SS2027,H2,R5,GATTACAG,C4,GATGTTAC,Run_1399
sample183,M72SS2027_H3,M72SS2027,H3,R5,ATGGTAGG,C4,GATGTTAC,Run_1399
sample184,M72SS2027_H4,M72SS2027,H4,R5,CAACGGTC,C4,GATGTTAC,Run_1399
sample185,M72SS2027_H5,M72SS2027,H5,R5,TGCGAAGG,C4,GATGTTAC,Run_1399
sample186,M72SS2027_H6,M72SS2027,H6,R5,TTACTGTC,C4,GATGTTAC,Run_1399
sample187,M72SS2027_H7,M72SS2027,H7,R5,ACCGCGCG,C4,GATGTTAC,Run_1399
sample188,M72SS2027_H8,M72SS2027,H8,R5,ACTTCTTC,C4,GATGTTAC,Run_1399
sample189,M72SS2027_H9,M72SS2027,H9,R5,TGGTAACG,C4,GATGTTAC,Run_1399
sample190,M72SS2027_H10,M72SS2027,H10,R5,CGCCACAG,C4,GATGTTAC,Run_1399
sample191,M72SS2027_H11,M72SS2027,H11,R5,CCTGGTAG,C4,GATGTTAC,Run_1399
sample192,M72SS2027_H12,M72SS2027,H12,R5,ATCCGCAG,C4,GATGTTAC,Run_1399
sample193,M72SS2033_A1,M72SS2033,A1,R4,AGCTCTGG,C2,ATACCTGT,Run_1399
sample194,M72SS2033_A2,M72SS2033,A2,R4,ACGGCTGC,C2,ATACCTGT,Run_1399
sample195,M72SS2033_A3,M72SS2033,A3,R4,CTAACTGG,C2,ATACCTGT,Run_1399
sample196,M72SS2033_A4,M72SS2033,A4,R4,TCGTGTGC,C2,ATACCTGT,Run_1399
sample197,M72SS2033_A5,M72SS2033,A5,R4,GGCATAGG,C2,ATACCTGT,Run_1399
sample198,M72SS2033_A6,M72SS2033,A6,R4,GTTAGGTC,C2,ATACCTGT,Run_1399
sample199,M72SS2033_A7,M72SS2033,A7,R4,GGAAGGCG,C2,ATACCTGT,Run_1399
sample200,M72SS2033_A8,M72SS2033,A8,R4,TCCTGGTC,C2,ATACCTGT,Run_1399
sample201,M72SS2033_A9,M72SS2033,A9,R4,ACATAGCG,C2,ATACCTGT,Run_1399
sample202,M72SS2033_A10,M72SS2033,A10,R4,CTTCCTTC,C2,ATACCTGT,Run_1399
sample203,M72SS2033_A11,M72SS2033,A11,R4,CGAGTTAG,C2,ATACCTGT,Run_1399
sample204,M72SS2033_A12,M72SS2033,A12,R4,CTAGGTTC,C2,ATACCTGT,Run_1399
sample205,M72SS2033_B1,M72SS2033,B1,R4,AGCTCTGG,C2,GAGTTACA,Run_1399
sample206,M72SS2033_B2,M72SS2033,B2,R4,ACGGCTGC,C2,GAGTTACA,Run_1399
sample207,M72SS2033_B3,M72SS2033,B3,R4,CTAACTGG,C2,GAGTTACA,Run_1399
sample208,M72SS2033_B4,M72SS2033,B4,R4,TCGTGTGC,C2,GAGTTACA,Run_1399
sample209,M72SS2033_B5,M72SS2033,B5,R4,GGCATAGG,C2,GAGTTACA,Run_1399
sample210,M72SS2033_B6,M72SS2033,B6,R4,GTTAGGTC,C2,GAGTTACA,Run_1399
sample211,M72SS2033_B7,M72SS2033,B7,R4,GGAAGGCG,C2,GAGTTACA,Run_1399
sample212,M72SS2033_B8,M72SS2033,B8,R4,TCCTGGTC,C2,GAGTTACA,Run_1399
sample213,M72SS2033_B9,M72SS2033,B9,R4,ACATAGCG,C2,GAGTTACA,Run_1399
sample214,M72SS2033_B10,M72SS2033,B10,R4,CTTCCTTC,C2,GAGTTACA,Run_1399
sample215,M72SS2033_B11,M72SS2033,B11,R4,CGAGTTAG,C2,GAGTTACA,Run_1399
sample216,M72SS2033_B12,M72SS2033,B12,R4,CTAGGTTC,C2,GAGTTACA,Run_1399
sample217,M72SS2033_C1,M72SS2033,C1,R4,AGCTCTGG,C2,CAGTTGGT,Run_1399
sample218,M72SS2033_C2,M72SS2033,C2,R4,ACGGCTGC,C2,CAGTTGGT,Run_1399
sample219,M72SS2033_C3,M72SS2033,C3,R4,CTAACTGG,C2,CAGTTGGT,Run_1399
sample220,M72SS2033_C4,M72SS2033,C4,R4,TCGTGTGC,C2,CAGTTGGT,Run_1399
sample221,M72SS2033_C5,M72SS2033,C5,R4,GGCATAGG,C2,CAGTTGGT,Run_1399
sample222,M72SS2033_C6,M72SS2033,C6,R4,GTTAGGTC,C2,CAGTTGGT,Run_1399
sample223,M72SS2033_C7,M72SS2033,C7,R4,GGAAGGCG,C2,CAGTTGGT,Run_1399
sample224,M72SS2033_C8,M72SS2033,C8,R4,TCCTGGTC,C2,CAGTTGGT,Run_1399
sample225,M72SS2033_C9,M72SS2033,C9,R4,ACATAGCG,C2,CAGTTGGT,Run_1399
sample226,M72SS2033_C10,M72SS2033,C10,R4,CTTCCTTC,C2,CAGTTGGT,Run_1399
sample227,M72SS2033_C11,M72SS2033,C11,R4,CGAGTTAG,C2,CAGTTGGT,Run_1399
sample228,M72SS2033_C12,M72SS2033,C12,R4,CTAGGTTC,C2,CAGTTGGT,Run_1399
sample229,M72SS2033_D1,M72SS2033,D1,R4,AGCTCTGG,C2,GTCGAGCA,Run_1399
sample230,M72SS2033_D2,M72SS2033,D2,R4,ACGGCTGC,C2,GTCGAGCA,Run_1399
sample231,M72SS2033_D3,M72SS2033,D3,R4,CTAACTGG,C2,GTCGAGCA,Run_1399
sample232,M72SS2033_D4,M72SS2033,D4,R4,TCGTGTGC,C2,GTCGAGCA,Run_1399
sample233,M72SS2033_D5,M72SS2033,D5,R4,GGCATAGG,C2,GTCGAGCA,Run_1399
sample234,M72SS2033_D6,M72SS2033,D6,R4,GTTAGGTC,C2,GTCGAGCA,Run_1399
sample235,M72SS2033_D7,M72SS2033,D7,R4,GGAAGGCG,C2,GTCGAGCA,Run_1399
sample236,M72SS2033_D8,M72SS2033,D8,R4,TCCTGGTC,C2,GTCGAGCA,Run_1399
sample237,M72SS2033_D9,M72SS2033,D9,R4,ACATAGCG,C2,GTCGAGCA,Run_1399
sample238,M72SS2033_D10,M72SS2033,D10,R4,CTTCCTTC,C2,GTCGAGCA,Run_1399
sample239,M72SS2033_D11,M72SS2033,D11,R4,CGAGTTAG,C2,GTCGAGCA,Run_1399
sample240,M72SS2033_D12,M72SS2033,D12,R4,CTAGGTTC,C2,GTCGAGCA,Run_1399
sample241,M72SS2033_E1,M72SS2033,E1,R4,AGCTCTGG,C2,GATACAGT,Run_1399
sample242,M72SS2033_E2,M72SS2033,E2,R4,ACGGCTGC,C2,GATACAGT,Run_1399
sample243,M72SS2033_E3,M72SS2033,E3,R4,CTAACTGG,C2,GATACAGT,Run_1399
sample244,M72SS2033_E4,M72SS2033,E4,R4,TCGTGTGC,C2,GATACAGT,Run_1399
sample245,M72SS2033_E5,M72SS2033,E5,R4,GGCATAGG,C2,GATACAGT,Run_1399
sample246,M72SS2033_E6,M72SS2033,E6,R4,GTTAGGTC,C2,GATACAGT,Run_1399
sample247,M72SS2033_E7,M72SS2033,E7,R4,GGAAGGCG,C2,GATACAGT,Run_1399
sample248,M72SS2033_E8,M72SS2033,E8,R4,TCCTGGTC,C2,GATACAGT,Run_1399
sample249,M72SS2033_E9,M72SS2033,E9,R4,ACATAGCG,C2,GATACAGT,Run_1399
sample250,M72SS2033_E10,M72SS2033,E10,R4,CTTCCTTC,C2,GATACAGT,Run_1399
sample251,M72SS2033_E11,M72SS2033,E11,R4,CGAGTTAG,C2,GATACAGT,Run_1399
sample252,M72SS2033_E12,M72SS2033,E12,R4,CTAGGTTC,C2,GATACAGT,Run_1399
sample253,M72SS2033_F1,M72SS2033,F1,R4,AGCTCTGG,C2,TCGCCAGA,Run_1399
sample254,M72SS2033_F2,M72SS2033,F2,R4,ACGGCTGC,C2,TCGCCAGA,Run_1399
sample255,M72SS2033_F3,M72SS2033,F3,R4,CTAACTGG,C2,TCGCCAGA,Run_1399
sample256,M72SS2033_F4,M72SS2033,F4,R4,TCGTGTGC,C2,TCGCCAGA,Run_1399
sample257,M72SS2033_F5,M72SS2033,F5,R4,GGCATAGG,C2,TCGCCAGA,Run_1399
sample258,M72SS2033_F6,M72SS2033,F6,R4,GTTAGGTC,C2,TCGCCAGA,Run_1399
sample259,M72SS2033_F7,M72SS2033,F7,R4,GGAAGGCG,C2,TCGCCAGA,Run_1399
sample260,M72SS2033_F8,M72SS2033,F8,R4,TCCTGGTC,C2,TCGCCAGA,Run_1399
sample261,M72SS2033_F9,M72SS2033,F9,R4,ACATAGCG,C2,TCGCCAGA,Run_1399
sample262,M72SS2033_F10,M72SS2033,F10,R4,CTTCCTTC,C2,TCGCCAGA,Run_1399
sample263,M72SS2033_F11,M72SS2033,F11,R4,CGAGTTAG,C2,TCGCCAGA,Run_1399
sample264,M72SS2033_F12,M72SS2033,F12,R4,CTAGGTTC,C2,TCGCCAGA,Run_1399
sample265,M72SS2033_G1,M72SS2033,G1,R4,AGCTCTGG,C2,TCCATGCT,Run_1399
sample266,M72SS2033_G2,M72SS2033,G2,R4,ACGGCTGC,C2,TCCATGCT,Run_1399
sample267,M72SS2033_G3,M72SS2033,G3,R4,CTAACTGG,C2,TCCATGCT,Run_1399
sample268,M72SS2033_G4,M72SS2033,G4,R4,TCGTGTGC,C2,TCCATGCT,Run_1399
sample269,M72SS2033_G5,M72SS2033,G5,R4,GGCATAGG,C2,TCCATGCT,Run_1399
sample270,M72SS2033_G6,M72SS2033,G6,R4,GTTAGGTC,C2,TCCATGCT,Run_1399
sample271,M72SS2033_G7,M72SS2033,G7,R4,GGAAGGCG,C2,TCCATGCT,Run_1399
sample272,M72SS2033_G8,M72SS2033,G8,R4,TCCTGGTC,C2,TCCATGCT,Run_1399
sample273,M72SS2033_G9,M72SS2033,G9,R4,ACATAGCG,C2,TCCATGCT,Run_1399
sample274,M72SS2033_G10,M72SS2033,G10,R4,CTTCCTTC,C2,TCCATGCT,Run_1399
sample275,M72SS2033_G11,M72SS2033,G11,R4,CGAGTTAG,C2,TCCATGCT,Run_1399
sample276,M72SS2033_G12,M72SS2033,G12,R4,CTAGGTTC,C2,TCCATGCT,Run_1399
sample277,M72SS2033_H1,M72SS2033,H1,R4,AGCTCTGG,C2,GACCGAGA,Run_1399
sample278,M72SS2033_H2,M72SS2033,H2,R4,ACGGCTGC,C2,GACCGAGA,Run_1399
sample279,M72SS2033_H3,M72SS2033,H3,R4,CTAACTGG,C2,GACCGAGA,Run_1399
sample280,M72SS2033_H4,M72SS2033,H4,R4,TCGTGTGC,C2,GACCGAGA,Run_1399
sample281,M72SS2033_H5,M72SS2033,H5,R4,GGCATAGG,C2,GACCGAGA,Run_1399
sample282,M72SS2033_H6,M72SS2033,H6,R4,GTTAGGTC,C2,GACCGAGA,Run_1399
sample283,M72SS2033_H7,M72SS2033,H7,R4,GGAAGGCG,C2,GACCGAGA,Run_1399
sample284,M72SS2033_H8,M72SS2033,H8,R4,TCCTGGTC,C2,GACCGAGA,Run_1399
sample285,M72SS2033_H9,M72SS2033,H9,R4,ACATAGCG,C2,GACCGAGA,Run_1399
sample286,M72SS2033_H10,M72SS2033,H10,R4,CTTCCTTC,C2,GACCGAGA,Run_1399
sample287,M72SS2033_H11,M72SS2033,H11,R4,CGAGTTAG,C2,GACCGAGA,Run_1399
sample288,M72SS2033_H12,M72SS2033,H12,R4,CTAGGTTC,C2,GACCGAGA,Run_1399
sample289,M72SS2034_A1,M72SS2034,A1,R5,ACGCATAG,C3,CCTTACCT,Run_1399
sample290,M72SS2034_A2,M72SS2034,A2,R5,GATTACAG,C3,CCTTACCT,Run_1399
sample291,M72SS2034_A3,M72SS2034,A3,R5,ATGGTAGG,C3,CCTTACCT,Run_1399
sample292,M72SS2034_A4,M72SS2034,A4,R5,CAACGGTC,C3,CCTTACCT,Run_1399
sample293,M72SS2034_A5,M72SS2034,A5,R5,TGCGAAGG,C3,CCTTACCT,Run_1399
sample294,M72SS2034_A6,M72SS2034,A6,R5,TTACTGTC,C3,CCTTACCT,Run_1399
sample295,M72SS2034_A7,M72SS2034,A7,R5,ACCGCGCG,C3,CCTTACCT,Run_1399
sample296,M72SS2034_A8,M72SS2034,A8,R5,ACTTCTTC,C3,CCTTACCT,Run_1399
sample297,M72SS2034_A9,M72SS2034,A9,R5,TGGTAACG,C3,CCTTACCT,Run_1399
sample298,M72SS2034_A10,M72SS2034,A10,R5,CGCCACAG,C3,CCTTACCT,Run_1399
sample299,M72SS2034_A11,M72SS2034,A11,R5,CCTGGTAG,C3,CCTTACCT,Run_1399
sample300,M72SS2034_A12,M72SS2034,A12,R5,ATCCGCAG,C3,CCTTACCT,Run_1399
sample301,M72SS2034_B1,M72SS2034,B1,R5,ACGCATAG,C3,TCTAGCGA,Run_1399
sample302,M72SS2034_B2,M72SS2034,B2,R5,GATTACAG,C3,TCTAGCGA,Run_1399
sample303,M72SS2034_B3,M72SS2034,B3,R5,ATGGTAGG,C3,TCTAGCGA,Run_1399
sample304,M72SS2034_B4,M72SS2034,B4,R5,CAACGGTC,C3,TCTAGCGA,Run_1399
sample305,M72SS2034_B5,M72SS2034,B5,R5,TGCGAAGG,C3,TCTAGCGA,Run_1399
sample306,M72SS2034_B6,M72SS2034,B6,R5,TTACTGTC,C3,TCTAGCGA,Run_1399
sample307,M72SS2034_B7,M72SS2034,B7,R5,ACCGCGCG,C3,TCTAGCGA,Run_1399
sample308,M72SS2034_B8,M72SS2034,B8,R5,ACTTCTTC,C3,TCTAGCGA,Run_1399
sample309,M72SS2034_B9,M72SS2034,B9,R5,TGGTAACG,C3,TCTAGCGA,Run_1399
sample310,M72SS2034_B10,M72SS2034,B10,R5,CGCCACAG,C3,TCTAGCGA,Run_1399
sample311,M72SS2034_B11,M72SS2034,B11,R5,CCTGGTAG,C3,TCTAGCGA,Run_1399
sample312,M72SS2034_B12,M72SS2034,B12,R5,ATCCGCAG,C3,TCTAGCGA,Run_1399
sample313,M72SS2034_C1,M72SS2034,C1,R5,ACGCATAG,C3,TCGCACCT,Run_1399
sample314,M72SS2034_C2,M72SS2034,C2,R5,GATTACAG,C3,TCGCACCT,Run_1399
sample315,M72SS2034_C3,M72SS2034,C3,R5,ATGGTAGG,C3,TCGCACCT,Run_1399
sample316,M72SS2034_C4,M72SS2034,C4,R5,CAACGGTC,C3,TCGCACCT,Run_1399
sample317,M72SS2034_C5,M72SS2034,C5,R5,TGCGAAGG,C3,TCGCACCT,Run_1399
sample318,M72SS2034_C6,M72SS2034,C6,R5,TTACTGTC,C3,TCGCACCT,Run_1399
sample319,M72SS2034_C7,M72SS2034,C7,R5,ACCGCGCG,C3,TCGCACCT,Run_1399
sample320,M72SS2034_C8,M72SS2034,C8,R5,ACTTCTTC,C3,TCGCACCT,Run_1399
sample321,M72SS2034_C9,M72SS2034,C9,R5,TGGTAACG,C3,TCGCACCT,Run_1399
sample322,M72SS2034_C10,M72SS2034,C10,R5,CGCCACAG,C3,TCGCACCT,Run_1399
sample323,M72SS2034_C11,M72SS2034,C11,R5,CCTGGTAG,C3,TCGCACCT,Run_1399
sample324,M72SS2034_C12,M72SS2034,C12,R5,ATCCGCAG,C3,TCGCACCT,Run_1399
sample325,M72SS2034_D1,M72SS2034,D1,R5,ACGCATAG,C3,ACCAAGGA,Run_1399
sample326,M72SS2034_D2,M72SS2034,D2,R5,GATTACAG,C3,ACCAAGGA,Run_1399
sample327,M72SS2034_D3,M72SS2034,D3,R5,ATGGTAGG,C3,ACCAAGGA,Run_1399
sample328,M72SS2034_D4,M72SS2034,D4,R5,CAACGGTC,C3,ACCAAGGA,Run_1399
sample329,M72SS2034_D5,M72SS2034,D5,R5,TGCGAAGG,C3,ACCAAGGA,Run_1399
sample330,M72SS2034_D6,M72SS2034,D6,R5,TTACTGTC,C3,ACCAAGGA,Run_1399
sample331,M72SS2034_D7,M72SS2034,D7,R5,ACCGCGCG,C3,ACCAAGGA,Run_1399
sample332,M72SS2034_D8,M72SS2034,D8,R5,ACTTCTTC,C3,ACCAAGGA,Run_1399
sample333,M72SS2034_D9,M72SS2034,D9,R5,TGGTAACG,C3,ACCAAGGA,Run_1399
sample334,M72SS2034_D10,M72SS2034,D10,R5,CGCCACAG,C3,ACCAAGGA,Run_1399
sample335,M72SS2034_D11,M72SS2034,D11,R5,CCTGGTAG,C3,ACCAAGGA,Run_1399
sample336,M72SS2034_D12,M72SS2034,D12,R5,ATCCGCAG,C3,ACCAAGGA,Run_1399
sample337,M72SS2034_E1,M72SS2034,E1,R5,ACGCATAG,C3,AAGCAACT,Run_1399
sample338,M72SS2034_E2,M72SS2034,E2,R5,GATTACAG,C3,AAGCAACT,Run_1399
sample339,M72SS2034_E3,M72SS2034,E3,R5,ATGGTAGG,C3,AAGCAACT,Run_1399
sample340,M72SS2034_E4,M72SS2034,E4,R5,CAACGGTC,C3,AAGCAACT,Run_1399
sample341,M72SS2034_E5,M72SS2034,E5,R5,TGCGAAGG,C3,AAGCAACT,Run_1399
sample342,M72SS2034_E6,M72SS2034,E6,R5,TTACTGTC,C3,AAGCAACT,Run_1399
sample343,M72SS2034_E7,M72SS2034,E7,R5,ACCGCGCG,C3,AAGCAACT,Run_1399
sample344,M72SS2034_E8,M72SS2034,E8,R5,ACTTCTTC,C3,AAGCAACT,Run_1399
sample345,M72SS2034_E9,M72SS2034,E9,R5,TGGTAACG,C3,AAGCAACT,Run_1399
sample346,M72SS2034_E10,M72SS2034,E10,R5,CGCCACAG,C3,AAGCAACT,Run_1399
sample347,M72SS2034_E11,M72SS2034,E11,R5,CCTGGTAG,C3,AAGCAACT,Run_1399
sample348,M72SS2034_E12,M72SS2034,E12,R5,ATCCGCAG,C3,AAGCAACT,Run_1399
sample349,M72SS2034_F1,M72SS2034,F1,R5,ACGCATAG,C3,GGCAGATA,Run_1399
sample350,M72SS2034_F2,M72SS2034,F2,R5,GATTACAG,C3,GGCAGATA,Run_1399
sample351,M72SS2034_F3,M72SS2034,F3,R5,ATGGTAGG,C3,GGCAGATA,Run_1399
sample352,M72SS2034_F4,M72SS2034,F4,R5,CAACGGTC,C3,GGCAGATA,Run_1399
sample353,M72SS2034_F5,M72SS2034,F5,R5,TGCGAAGG,C3,GGCAGATA,Run_1399
sample354,M72SS2034_F6,M72SS2034,F6,R5,TTACTGTC,C3,GGCAGATA,Run_1399
sample355,M72SS2034_F7,M72SS2034,F7,R5,ACCGCGCG,C3,GGCAGATA,Run_1399
sample356,M72SS2034_F8,M72SS2034,F8,R5,ACTTCTTC,C3,GGCAGATA,Run_1399
sample357,M72SS2034_F9,M72SS2034,F9,R5,TGGTAACG,C3,GGCAGATA,Run_1399
sample358,M72SS2034_F10,M72SS2034,F10,R5,CGCCACAG,C3,GGCAGATA,Run_1399
sample359,M72SS2034_F11,M72SS2034,F11,R5,CCTGGTAG,C3,GGCAGATA,Run_1399
sample360,M72SS2034_F12,M72SS2034,F12,R5,ATCCGCAG,C3,GGCAGATA,Run_1399
sample361,M72SS2034_G1,M72SS2034,G1,R5,ACGCATAG,C3,TTGATAAT,Run_1399
sample362,M72SS2034_G2,M72SS2034,G2,R5,GATTACAG,C3,TTGATAAT,Run_1399
sample363,M72SS2034_G3,M72SS2034,G3,R5,ATGGTAGG,C3,TTGATAAT,Run_1399
sample364,M72SS2034_G4,M72SS2034,G4,R5,CAACGGTC,C3,TTGATAAT,Run_1399
sample365,M72SS2034_G5,M72SS2034,G5,R5,TGCGAAGG,C3,TTGATAAT,Run_1399
sample366,M72SS2034_G6,M72SS2034,G6,R5,TTACTGTC,C3,TTGATAAT,Run_1399
sample367,M72SS2034_G7,M72SS2034,G7,R5,ACCGCGCG,C3,TTGATAAT,Run_1399
sample368,M72SS2034_G8,M72SS2034,G8,R5,ACTTCTTC,C3,TTGATAAT,Run_1399
sample369,M72SS2034_G9,M72SS2034,G9,R5,TGGTAACG,C3,TTGATAAT,Run_1399
sample370,M72SS2034_G10,M72SS2034,G10,R5,CGCCACAG,C3,TTGATAAT,Run_1399
sample371,M72SS2034_G11,M72SS2034,G11,R5,CCTGGTAG,C3,TTGATAAT,Run_1399
sample372,M72SS2034_G12,M72SS2034,G12,R5,ATCCGCAG,C3,TTGATAAT,Run_1399
sample373,M72SS2034_H1,M72SS2034,H1,R5,ACGCATAG,C3,GCTAAGTA,Run_1399
sample374,M72SS2034_H2,M72SS2034,H2,R5,GATTACAG,C3,GCTAAGTA,Run_1399
sample375,M72SS2034_H3,M72SS2034,H3,R5,ATGGTAGG,C3,GCTAAGTA,Run_1399
sample376,M72SS2034_H4,M72SS2034,H4,R5,CAACGGTC,C3,GCTAAGTA,Run_1399
sample377,M72SS2034_H5,M72SS2034,H5,R5,TGCGAAGG,C3,GCTAAGTA,Run_1399
sample378,M72SS2034_H6,M72SS2034,H6,R5,TTACTGTC,C3,GCTAAGTA,Run_1399
sample379,M72SS2034_H7,M72SS2034,H7,R5,ACCGCGCG,C3,GCTAAGTA,Run_1399
sample380,M72SS2034_H8,M72SS2034,H8,R5,ACTTCTTC,C3,GCTAAGTA,Run_1399
sample381,M72SS2034_H9,M72SS2034,H9,R5,TGGTAACG,C3,GCTAAGTA,Run_1399
sample382,M72SS2034_H10,M72SS2034,H10,R5,CGCCACAG,C3,GCTAAGTA,Run_1399
sample383,M72SS2034_H11,M72SS2034,H11,R5,CCTGGTAG,C3,GCTAAGTA,Run_1399
sample384,M72SS2034_H12,M72SS2034,H12,R5,ATCCGCAG,C3,GCTAAGTA,Run_1399
